{"cameraMode":{"drawMode":0,"name":"Shaded","section":"Shading Mode"},"sceneLighting":true,"audioPlay":false,"sceneViewState":{"m_AlwaysRefresh":false,"showFog":true,"showSkybox":true,"showFlares":true,"showImageEffects":true,"showParticleSystems":true,"showVisualEffectGraphs":true,"m_FxEnabled":true},"in2DMode":false,"pivot":{"x":-0.0787050724029541,"y":0.11756150424480438,"z":0.3909671902656555},"rotation":{"x":0.12708567082881928,"y":-0.03272620216012001,"z":0.004195385612547398,"w":0.9913433790206909},"size":0.5764849781990051,"orthographic":false}